Dose,Response,Group
0.001,97.19398077,Control
0.001,98.84547156,Control
0.001,107.7899006,Control
0.01,100.2948672,Control
0.01,100.588764,Control
0.01,108.5176502,Control
0.1,101.3982602,Control
0.1,92.76837302,Control
0.1,95.65941494,Control
1,85.1112961,Control
1,93.46001494,Control
1,89.13867509,Control
10,32.33081176,Control
10,30.88036808,Control
10,27.54774883,Control
100,11.607556,Control
100,5.162242707,Control
100,1.2,Control
